{"stats":{"minecraft:custom":{"minecraft:time_since_rest":27686,"minecraft:open_chest":1,"minecraft:play_one_minute":27686,"minecraft:sprint_one_cm":45848,"minecraft:damage_taken":150,"minecraft:walk_one_cm":43214,"minecraft:sneak_time":46,"minecraft:walk_under_water_one_cm":6925,"minecraft:drop":2,"minecraft:jump":252,"minecraft:leave_game":1,"minecraft:time_since_death":27686,"minecraft:walk_on_water_one_cm":3728,"minecraft:swim_one_cm":6579,"minecraft:fall_one_cm":6566,"minecraft:fly_one_cm":260887},"minecraft:crafted":{"minecraft:crafting_table":1,"minecraft:air":56},"minecraft:used":{"minecraft:dirt":3,"tconstruct:earth_slime_sapling":15},"minecraft:mined":{"minecraft:grass":10,"minecraft:grass_block":2,"tconstruct:earth_slime_sapling":3,"minecraft:poppy":8,"tconstruct:earth_slime_tall_grass":13,"tconstruct:earth_slime_leaves":9,"tconstruct:greenheart_log":14,"minecraft:dirt":1,"tconstruct:earth_slime_fern":4},"minecraft:picked_up":{"tconstruct:greenheart_log":14,"minecraft:slime_ball":3,"thermal:corn_seeds":1,"simplefarming:rye_seeds":1,"minecraft:poppy":8,"tconstruct:earth_slime_sapling":15,"minecraft:dirt":3},"minecraft:dropped":{"thermal:corn_seeds":1,"simplefarming:rye_seeds":1}},"DataVersion":2586}