{
  "obsidianequipment:recipes/misc/obsidian_ingot": {
    "criteria": {
      "has_ingredient": "2024-05-13 03:35:10 +0000"
    },
    "done": true
  },
  "obsidianequipment:recipes/misc/obsidian": {
    "criteria": {
      "has_ingredient": "2024-05-13 03:35:10 +0000"
    },
    "done": true
  },
  "sophisticatedbackpacks:recipes/sophisticatedbackpacks/blasting_upgrade": {
    "criteria": {
      "has_upgrade_base": "2024-05-13 03:35:11 +0000"
    },
    "done": true
  },
  "betterdungeons:root": {
    "criteria": {
      "always": "2024-05-13 03:35:11 +0000"
    },
    "done": true
  },
  "nethers_exoticism:nethers_exoticism_adv": {
    "criteria": {
      "nethers_exoticism_adv": "2024-05-13 03:35:10 +0000"
    },
    "done": true
  },
  "sophisticatedbackpacks:recipes/sophisticatedbackpacks/auto_smoking_upgrade": {
    "criteria": {
      "has_smoking_upgrade": "2024-05-13 03:35:10 +0000"
    },
    "done": true
  },
  "tombstone:adventure/root": {
    "criteria": {
      "auto": "2024-05-13 03:35:11 +0000"
    },
    "done": true
  },
  "lootr:root": {
    "criteria": {
      "always_true": "2024-05-13 03:35:11 +0000"
    },
    "done": true
  },
  "sophisticatedbackpacks:recipes/sophisticatedbackpacks/auto_smoking_upgrade_from_auto_smelting_upgrade": {
    "criteria": {
      "has_auto_smelting_upgrade": "2024-05-13 03:35:10 +0000"
    },
    "done": true
  },
  "obscure_api:recipes/obscure_book": {
    "criteria": {
      "has_item": "2024-05-13 03:35:10 +0000"
    },
    "done": true
  },
  "tconstruct:tools/materials_and_you": {
    "criteria": {
      "crafted_book": "2024-05-13 03:35:11 +0000"
    },
    "done": true
  },
  "astralsorcery:root": {
    "criteria": {
      "astralsorcery_present": "2024-05-13 03:35:11 +0000"
    },
    "done": true
  },
  "obsidianequipment:recipes/misc/obsidian_leggings": {
    "criteria": {
      "has_ingredient": "2024-05-13 03:35:10 +0000"
    },
    "done": true
  },
  "sophisticatedbackpacks:recipes/sophisticatedbackpacks/auto_blasting_upgrade": {
    "criteria": {
      "has_blasting_upgrade": "2024-05-13 03:35:10 +0000"
    },
    "done": true
  },
  "sophisticatedbackpacks:recipes/sophisticatedbackpacks/blasting_upgrade_from_smelting_upgrade": {
    "criteria": {
      "has_smelting_upgrade": "2024-05-13 03:35:11 +0000"
    },
    "done": true
  },
  "obsidianequipment:recipes/misc/obsidian_horse_armor": {
    "criteria": {
      "has_ingredient": "2024-05-13 03:35:10 +0000"
    },
    "done": true
  },
  "minecraft:adventure/adventuring_time": {
    "criteria": {
      "minecraft:plains": "2024-05-13 03:35:11 +0000"
    },
    "done": false
  },
  "obsidianequipment:recipes/misc/obsidian_helmet": {
    "criteria": {
      "has_ingredient": "2024-05-13 03:35:11 +0000"
    },
    "done": true
  },
  "obsidianequipment:recipes/misc/obsidian_shovel": {
    "criteria": {
      "has_ingredient": "2024-05-13 03:35:10 +0000"
    },
    "done": true
  },
  "sophisticatedbackpacks:recipes/sophisticatedbackpacks/smoking_upgrade_from_smelting_upgrade": {
    "criteria": {
      "has_smelting_upgrade": "2024-05-13 03:35:10 +0000"
    },
    "done": true
  },
  "obsidianequipment:recipes/misc/obsidian_boots": {
    "criteria": {
      "has_ingredient": "2024-05-13 03:35:10 +0000"
    },
    "done": true
  },
  "create:root": {
    "criteria": {
      "0": "2024-05-13 03:35:10 +0000"
    },
    "done": true
  },
  "obsidianequipment:recipes/misc/obsidian_sword": {
    "criteria": {
      "has_ingredient": "2024-05-13 03:35:10 +0000"
    },
    "done": true
  },
  "tombstone:adventure/find_easter_egg": {
    "criteria": {
      "coded_trigger": "2024-05-13 03:35:10 +0000"
    },
    "done": true
  },
  "obsidianequipment:recipes/misc/obsidian_hoe": {
    "criteria": {
      "has_ingredient": "2024-05-13 03:35:11 +0000"
    },
    "done": true
  },
  "obsidianequipment:recipes/misc/obsidian_pickaxe": {
    "criteria": {
      "has_ingredient": "2024-05-13 03:35:10 +0000"
    },
    "done": true
  },
  "undergarden:undergarden/root": {
    "criteria": {
      "tick": "2024-05-13 03:35:11 +0000"
    },
    "done": true
  },
  "obsidianequipment:recipes/misc/obsidian_chest": {
    "criteria": {
      "has_ingredient": "2024-05-13 03:35:11 +0000"
    },
    "done": true
  },
  "sophisticatedbackpacks:recipes/sophisticatedbackpacks/smoking_upgrade": {
    "criteria": {
      "has_upgrade_base": "2024-05-13 03:35:10 +0000"
    },
    "done": true
  },
  "sophisticatedbackpacks:recipes/sophisticatedbackpacks/auto_blasting_upgrade_from_auto_smelting_upgrade": {
    "criteria": {
      "has_auto_smelting_upgrade": "2024-05-13 03:35:11 +0000"
    },
    "done": true
  },
  "obsidianequipment:recipes/misc/obsidian_axe": {
    "criteria": {
      "has_ingredient": "2024-05-13 03:35:11 +0000"
    },
    "done": true
  },
  "DataVersion": 2586
}